candidate_id,rank,final_score,priority,parking_area_m2,distance_to_transit_m,transit_score,green_coverage_pct,green_score,building_coverage_pct,development_score,nearby_parking_area_m2,concentration_score
DAL-PARK-001,1,98.03612037933352,High Priority,18922.105590807787,53.84945062224662,93.45373459777844,3.5934216162802533,100,43.95278623071873,100,230290.48874688067,100
DAL-PARK-002,2,95.95752825098005,High Priority,6972.551393518763,1.1645725774750393,99.85842750326682,7.393160998215011,80,50.47585214907107,100,188299.41961684878,100
DAL-PARK-003,3,95.80137913372424,High Priority,5992.324206174425,5.446171149449001,99.33793044574746,7.498877042577943,80,51.75060535228093,100,171713.598051888,100
DAL-PARK-004,4,95.69098693770624,High Priority,5374.17930360199,35.89305246619024,95.63662312568748,3.757470910990062,100,38.44174957241758,80,212758.5249140282,100
DAL-PARK-005,5,95.55518225298447,High Priority,6150.943306286513,12.196873500669513,98.5172741766149,6.606147830409578,80,48.39958413651758,100,181775.56837819936,100
DAL-PARK-006,6,94.44854543349487,High Priority,3653.1660887192165,15.120848109495093,98.16181811164955,4.50418956224635,100,45.12053814668401,100,186555.46557341676,100
DAL-PARK-007,7,94.16615038105869,High Priority,12060.481752922187,77.70397101746269,90.55383460352894,4.300897523917754,100,37.81617620409051,80,225357.35691761208,100
DAL-PARK-008,8,93.93567203658097,High Priority,4799.978138369856,84.02367213347995,89.78557345526991,2.4244098439064854,100,33.98675284226327,80,219062.75821256862,100
DAL-PARK-009,9,93.69510598785676,High Priority,4400.518018248915,35.78010838073987,95.65035329285587,5.20784238912521,100,44.63691859937934,100,195682.8503310447,100
DAL-PARK-010,10,93.06865723971082,High Priority,11460.505681311763,107.79716109965831,86.89552413236939,3.6563417963937397,100,37.022410801789015,80,213888.44180651975,100
DAL-PARK-011,11,92.32572820497269,High Priority,5476.050268464794,18.488488474652325,97.75242734990898,7.381913845380534,80,36.31278820320183,80,184661.54550316068,100
DAL-PARK-012,12,92.15330978048267,High Priority,6780.13790632173,23.2161903858264,97.17769926827559,5.1801385252947085,100,35.87732370824315,80,126096.70701706677,60
DAL-PARK-013,13,91.94862244981908,High Priority,2645.229192864913,1.4087690622403972,99.82874149939694,4.433892082882729,100,38.82953190151176,80,176263.6697482817,100
DAL-PARK-014,14,91.34573679416296,High Priority,4555.478212267768,45.35978879840418,94.48578931387652,4.902360038966991,100,35.16708101129622,80,120228.82266290941,60
DAL-PARK-015,15,91.26219919381214,High Priority,5799.897814818176,20.230449801390545,97.5406639793738,4.423079822704033,100,31.742789041635227,60,146166.6265708726,80
DAL-PARK-016,16,90.74168869239891,High Priority,5320.00776189601,89.34268273074113,89.13896230799638,5.6587239230310695,80,47.77413606813526,100,164862.6437545604,80
DAL-PARK-017,17,89.65203863297313,High Priority,9620.809642199145,9.541077902628386,98.84012877657709,3.4232412012195996,100,31.04272956262776,60,122987.85817318286,60
DAL-PARK-018,18,89.54214100165295,High Priority,10734.288878187124,122.23420187585724,85.14047000550984,3.2690876911364803,100,31.922317121666833,60,192151.39108665162,100
DAL-PARK-019,19,89.07797022028784,High Priority,21885.365737704735,25.281996193840673,96.92656740095947,10.261552637521204,60,44.48507881518844,100,141339.65589591904,80
DAL-PARK-020,20,89.03369964189321,High Priority,9030.305293053305,26.495892554999095,96.77899880631068,6.930155450453651,80,40.03568103952007,100,116314.97590973199,40
DAL-PARK-021,21,88.95583576884587,High Priority,1862.3705620214291,28.630914856160064,96.51945256281961,4.339669722822512,100,40.80811966778566,100,177046.5283791252,100
DAL-PARK-022,22,88.1663324068227,High Priority,5012.087152531904,132.53884894167894,83.887774689409,4.964791814077025,100,34.84694183488529,80,140423.1047936391,60
DAL-PARK-023,23,87.98258244879807,High Priority,2904.248117771106,27.897522642993135,96.60860816266022,3.6692766158528705,100,30.616544030894786,60,219970.88937188394,100
DAL-PARK-024,24,87.79815832429591,High Priority,3436.1238470619073,5.534485533105206,99.3271944143197,7.5332416329802,80,36.83756552103945,80,170207.8579094988,100
DAL-PARK-025,25,87.72595315481387,High Priority,4879.469806502426,7.514346552985284,99.08651051604623,1.5401914816806181,100,30.908726768460284,60,96257.18817497785,40
DAL-PARK-026,26,87.67370090072941,High Priority,5189.455680332987,8.947099938993224,98.9123363357647,6.607669328881023,80,41.063331259025546,100,44967.203076052516,20
DAL-PARK-027,27,87.583150791572,High Priority,4835.462957445418,11.4299780037173,98.61050263857332,12.984556078306714,40,44.35121813002109,100,172933.35073439058,100
DAL-PARK-028,28,87.07348676159096,High Priority,12383.626232912564,25.4049323377743,96.91162253863654,13.02363808758876,40,47.785925972635525,100,189978.63100885256,100
DAL-PARK-029,29,86.94429505747539,High Priority,3642.6118236249513,28.947360406361792,96.48098352491793,6.901261739551488,80,36.23494658047674,80,195511.86131214164,100
DAL-PARK-030,30,86.83081027882858,High Priority,4294.484762805653,32.05910560693722,96.10270092942862,6.398633486510535,80,39.04777871654409,80,230779.40500169434,100
DAL-PARK-031,31,86.6408999842526,High Priority,3220.9037185652123,9.846498921290781,98.8029999475087,10.576106398205528,60,53.78900828873372,100,176378.29035454153,100
DAL-PARK-032,32,86.52369430749049,High Priority,2776.435604820283,13.060270904578811,98.41231435830164,7.857419375797339,60,49.889024972828935,100,194198.13741180435,100
DAL-PARK-033,33,86.44931091578809,High Priority,4817.099686865669,69.93972769387979,91.49770305262696,3.020277389245131,100,28.896911880244918,40,151817.03643828633,80
DAL-PARK-034,34,85.79362389983746,High Priority,3902.951008133371,5.658819154884587,99.31207966612484,1.839543077725362,100,30.130116992220323,40,208378.7973679965,100
DAL-PARK-035,35,85.76930939044755,High Priority,4662.7544403783695,88.58532499859197,89.23103130149183,5.827293553178588,80,37.75750602930804,80,139507.26255225172,60
DAL-PARK-036,36,85.69160502309145,High Priority,9488.66506957635,227.8156463110131,72.30535007697151,4.354699290191401,100,33.86396901544088,60,193650.54316687043,100
DAL-PARK-037,37,85.61724846562971,High Priority,9348.692214284609,10.495022013450551,98.72416155209906,11.840567999071526,40,43.87068270590644,100,151477.96897314023,80
DAL-PARK-038,38,85.55834998649141,High Priority,8606.661800912561,12.110014455302522,98.5278332883047,9.761351716080288,60,40.339166193881965,100,117870.04274007035,40
DAL-PARK-039,39,85.26947487786853,High Priority,4517.338181670154,47.45088555028205,94.23158292622844,8.74873642525488,60,50.63231828134683,100,204791.23634994533,100
DAL-PARK-040,40,85.22351298091652,High Priority,3807.320042116476,21.291223226177824,97.4117099363884,2.6549770855332655,100,29.621698705417128,40,219263.12661553815,100
DAL-PARK-041,41,85.19810968793446,High Priority,6066.346218466395,49.40771438595051,93.99369895978155,8.702626737346279,60,39.41109233866825,80,169030.59737889178,80
DAL-PARK-042,42,84.96927236203324,High Priority,4295.892344364375,0.8425498212907075,99.89757454011081,8.28278077524101,60,49.317842503132105,100,162530.98727717472,80
DAL-PARK-043,43,84.33644399159047,High Priority,4540.330438569352,182.71426948340664,77.78814663863493,5.208802777145026,100,34.71497400466371,80,107109.19706141738,40
DAL-PARK-044,44,84.24798727148087,High Priority,5169.270631545983,130.29987789874681,84.15995757160292,3.08559671529605,100,25.92329167849033,40,157339.85278402397,80
DAL-PARK-045,45,84.23747061649978,High Priority,5505.423895087537,212.84804747791878,74.12490205499927,10.109419196987176,60,41.077467601015236,100,205017.43688028224,100
DAL-PARK-046,46,84.23403715469674,High Priority,4611.271393150503,130.68238918764513,84.11345718232245,5.420343444653556,80,39.759952404816616,80,133472.24151171424,60
DAL-PARK-047,47,84.1141620054185,High Priority,3046.1135172171885,51.70955434443071,93.71387335139502,5.2774940542341495,80,36.127487190860094,80,151272.0011474111,80
DAL-PARK-048,48,83.84498424686296,High Priority,4662.342104777768,4.250521802039086,99.48328082287655,7.565045846793263,80,33.16373833096185,60,89852.96652854254,40
DAL-PARK-049,49,83.74308895016554,High Priority,5761.370219022282,7.044484166333415,99.14362983388516,17.254371560791913,20,41.40037547192921,100,195480.78012084332,100
DAL-PARK-050,50,83.69148524261638,High Priority,7675.107614626268,118.13919256630118,85.63828414205459,11.091464813117897,40,47.0909412731026,100,187040.33838478744,100
DAL-PARK-051,51,83.48745317597454,High Priority,5537.01277642966,14.054000358016859,98.2915105865818,16.77503208756253,20,53.89414548696452,100,178386.04870277978,100
DAL-PARK-052,52,82.8091250847512,High Priority,5219.949560764521,87.49358126754446,89.36375028250399,13.693902116014026,40,39.83751863300979,100,158863.21157336218,80
DAL-PARK-053,53,82.49741559909343,High Priority,10831.564850729748,68.62070042709095,91.65805199697812,13.811780340408628,40,36.95157188352758,80,190295.21400804797,100
DAL-PARK-054,54,82.00682235974725,High Priority,3526.459010594061,54.65280040114278,93.35607453249084,2.6288397335176548,100,26.368762026814913,40,162561.63251441586,80
DAL-PARK-055,55,81.89508477259983,High Priority,8403.289362764133,2.876768666447165,99.65028257533275,14.239616591584497,20,44.633997588016264,100,146959.25573840493,80
DAL-PARK-056,56,81.7303367085901,High Priority,11011.717246668748,7.394149795434852,99.10112236196701,19.038185512071255,20,52.124920608635286,100,156521.13149861587,80
DAL-PARK-057,57,81.72286018349706,High Priority,790.1396463368715,7.599155623993181,99.07620061165689,3.683717189310317,100,36.88610421672844,80,221874.67821658624,100
DAL-PARK-058,58,81.69407927501102,High Priority,9525.313948560517,63.22819530912469,92.31359758337008,18.504092306436565,20,55.826213665970755,100,200381.97582788655,100
DAL-PARK-059,59,81.28091593347864,High Priority,8632.345167427186,19.717238025131724,97.60305311159547,19.62107407607601,20,61.14437993187708,100,164460.09310247915,80
DAL-PARK-060,60,81.12421657634616,High Priority,1785.5536347301731,51.4338586678735,93.74738858782054,4.56051459724527,100,36.400294070580074,80,126099.80006654952,60
DAL-PARK-061,61,81.0994197187225,High Priority,5375.543018502549,161.79352499794484,80.33139906240835,8.323223186810374,60,37.35730472050243,80,152389.03141317586,80
DAL-PARK-062,62,81.00004276437006,High Priority,6274.8615545642215,109.67856552126919,86.66680921456687,10.207972152089352,60,36.21228613530632,80,131792.77502709092,60
DAL-PARK-063,63,80.97577049690199,High Priority,1997.336514042404,28.08430591800061,96.58590165633998,9.517832213439863,60,51.62665504772795,100,179757.26962882234,100
DAL-PARK-064,64,80.92738204733968,High Priority,2037.4186886591215,84.25098309572556,89.75794015779893,2.6731904174041206,100,32.25407666198791,60,227681.52199438371,100
DAL-PARK-065,65,80.77301007440184,High Priority,5937.525503396642,88.48385248685138,89.2433669146728,6.228427764759817,80,32.055319692953724,60,87795.83570334948,40
DAL-PARK-066,66,80.76634805010706,High Priority,2899.1318782791595,143.5063938155958,82.55449350035686,7.554593703058754,80,36.243610209794454,80,142880.57397531922,80
DAL-PARK-067,67,80.64711613111625,High Priority,3292.4747658885854,146.77572522813512,82.1570537703875,3.27342576027186,100,28.529638439200518,40,201141.27832270938,100
DAL-PARK-068,68,80.56763939001519,High Priority,5098.225778149122,39.27523414823791,95.22546463338395,17.02020536869703,20,56.5402798440282,100,156519.75371310263,80
DAL-PARK-069,69,80.46949850130501,High Priority,3159.2450816256505,69.3861854206994,91.56499500435005,7.893272397732204,60,53.90050723845693,100,135937.65953618876,60
DAL-PARK-070,70,80.33542499931963,High Priority,9164.767091685739,100.48240659663684,87.7847499977321,15.036071131233019,20,49.56840619167265,100,190785.58062665467,100
DAL-PARK-071,71,80.22868475808329,High Priority,2316.5497912057494,103.4092170229868,87.42894919361098,6.0460203665900245,80,44.78564653660542,100,165866.8034516086,80
DAL-PARK-072,72,80.0,High Priority,2667.007064257781,0.0,100.0,7.259273365627096,80,39.03745339867163,80,50294.89897545943,20
DAL-PARK-073,73,79.84514781408046,Moderate Priority,1123.6328365956483,31.665971329018177,96.15049271360157,5.298409678801929,80,39.98912243554023,100,206312.49656292007,100
DAL-PARK-074,74,79.83359781342176,Moderate Priority,2129.8573084336026,4.562737061520016,99.44532604473919,5.805356147285043,80,30.61024177970422,60,217615.09864344235,100
DAL-PARK-075,75,79.83136055736094,Moderate Priority,3023.2909544893455,32.044017005607095,96.10453519120315,11.135412473166138,40,48.656187701542365,100,147995.97163751323,80
DAL-PARK-076,76,79.73731974508348,Moderate Priority,3218.1111662407934,7.202675391970331,99.12439915027826,13.406425552636072,40,35.92160599334637,80,172020.66982430118,100
DAL-PARK-077,77,79.50956007382338,Moderate Priority,3213.990777645439,13.44783066635391,98.36520024607795,12.732526727152404,40,35.04246089366564,80,214257.53837391542,100
DAL-PARK-078,78,79.49485489310649,Moderate Priority,1880.4253344883032,13.851045758853854,98.31618297702163,7.782670976629756,60,51.9254110534347,100,169841.85833086542,80
DAL-PARK-079,79,79.10949650204886,Moderate Priority,2522.5722809772556,161.51722025886946,80.36498834016287,3.361866951425837,100,34.0527584569963,80,151486.97603501278,80
DAL-PARK-080,80,78.90323899368022,Moderate Priority,4229.725745234013,2.653180458285004,99.67746331226738,12.670417386974206,40,49.32152115874914,100,130820.07298903016,60
DAL-PARK-081,81,78.8919726347634,Moderate Priority,4001.1309508812383,2.9621032821681816,99.6399087825447,8.459704958992482,60,31.968013310891063,60,152836.636255643,80
DAL-PARK-082,82,78.62191208436944,Moderate Priority,1565.8252062790575,37.78708042231148,95.4063736145648,9.33948209765845,60,50.46402746155717,100,160372.32844196996,80
DAL-PARK-083,83,78.53620953593304,Moderate Priority,3254.887772424997,94.97690774818652,88.45403178644345,6.05659614784623,80,34.938350421204625,80,90940.56770852309,40
DAL-PARK-084,84,78.4455380265107,Moderate Priority,1934.381583795019,70.04318007085234,91.48512675503567,1.7788940471366805,100,30.255772025947614,40,200378.31450680213,100
DAL-PARK-085,85,78.24420021450392,Moderate Priority,2069.761176635239,75.56384969436584,90.81400071501305,7.6243245121558685,80,35.91130379204932,80,148812.09506611124,80
DAL-PARK-086,86,78.11081980046477,Moderate Priority,5248.8620185425425,24.381262856071938,97.03606600154923,6.3754242703157775,80,30.43519495743897,40,82142.43256781438,20
DAL-PARK-087,87,78.0,Moderate Priority,2877.733875718707,0.0,100.0,9.711794644808803,60,34.941152743644764,80,105036.02000567941,40
DAL-PARK-088,88,77.99995108781128,Moderate Priority,5224.960315250466,54.84121022776067,93.33317029270427,20.626522675924036,20,53.61582877210908,100,140504.42605454245,60
DAL-PARK-089,89,77.99500974153541,Moderate Priority,20768.62440415311,164.65643973662824,79.98336580511804,5.754624090043734,80,33.93197293870763,60,88974.18619865818,40
DAL-PARK-090,90,77.99257350608272,Moderate Priority,4256.238839364999,27.623568506368805,96.6419116869424,11.272620664875822,40,47.49329341508048,100,122988.18990144404,60
DAL-PARK-091,91,77.94156736366136,Moderate Priority,1859.93808577176,83.86202265090645,89.8052245455379,5.670155980275271,80,34.80719991525682,80,141282.57109607392,80
DAL-PARK-092,92,77.84442383564681,Moderate Priority,3567.8028530315014,4.2658882408956105,99.48141278548937,10.030888987637518,60,39.23891941767687,80,116251.9306822157,40
DAL-PARK-093,93,77.79562710668044,Moderate Priority,1746.3610948380567,5.603891354400983,99.31875702226816,11.05850234093629,40,46.40518140143383,100,179728.21933816958,100
DAL-PARK-094,94,77.74585163308402,Moderate Priority,17780.00211959717,144.06840422845423,82.48617211028005,7.814229494832768,60,26.575306599973636,40,185750.04510819365,100
DAL-PARK-095,95,77.72179547774195,Moderate Priority,9355.230957188742,254.4077605504587,69.07265159247315,5.410816666708742,80,37.301522073630736,80,110492.95989636853,40
DAL-PARK-096,96,77.6816683688972,Moderate Priority,1324.8813041292929,90.98843607158967,88.9388945629907,7.355120499965729,80,43.83116714515941,100,182494.4580032797,100
DAL-PARK-097,97,77.60745411435914,Moderate Priority,2930.812174512905,147.863255130918,82.02484704786382,12.10730582141284,40,42.42727740230245,100,219173.57126216544,100
DAL-PARK-098,98,77.56169252656042,Moderate Priority,5248.621644359044,12.018362225448865,98.53897508853471,15.656769774336505,20,32.14812608271194,60,229972.0354226697,100
DAL-PARK-099,99,77.53066060911776,Moderate Priority,2610.814914321479,67.70912442879555,91.7688686970592,8.596377411693021,60,54.24093808125392,100,152410.37473476326,80
DAL-PARK-100,100,77.52196520611231,Moderate Priority,1720.1858579752675,13.107682751163388,98.40655068704103,10.596748814699888,60,44.83961632205658,100,135898.13013933925,60
DAL-PARK-101,101,77.44413362211213,Moderate Priority,2016.1112865958726,179.7614268650101,78.14711207370713,3.1585557577558383,100,32.42201605637642,60,204084.3336635045,100
DAL-PARK-102,102,77.40708954839698,Moderate Priority,2146.5364269094143,16.257565764736466,98.02363182798995,4.360572860106476,100,33.687909696659986,60,104607.78305111203,40
DAL-PARK-103,103,77.20252867140047,Moderate Priority,3280.665494014825,21.866611619252293,97.34176223800155,5.968431908502316,80,29.57802884849591,40,138980.19349589891,60
DAL-PARK-104,104,76.8907052063381,Moderate Priority,5677.302540524139,2.9968560866108502,99.63568402112699,9.770959755475968,60,28.976620855082007,40,101997.17433840263,40
DAL-PARK-105,105,76.888282617508,Moderate Priority,4806.786770259892,3.0632833137235935,99.62760872502668,19.674833275941474,20,37.05494546569951,80,129007.17592014515,60
DAL-PARK-106,106,76.88057725051684,Moderate Priority,3655.5094953432317,3.2745639721458595,99.60192416838949,17.371467355669214,20,49.02426728254188,100,159218.6452259557,80
DAL-PARK-107,107,76.77424321266858,Moderate Priority,3165.0823197205927,115.86997444568578,85.9141440422286,11.296761164640683,40,46.76328078387098,100,164979.83926050295,80
DAL-PARK-108,108,76.77309734575944,Moderate Priority,3503.6744053970856,6.221655923817344,99.24365781919813,18.278032808344232,20,50.8480764442354,100,159790.36044938903,80
DAL-PARK-109,109,76.7468519083781,Moderate Priority,3738.2003624639783,6.941304098508298,99.15617302792703,17.034753783549615,20,43.70090798754053,100,170079.04729837037,80
DAL-PARK-110,110,76.7456425471821,Moderate Priority,3414.2677775549732,6.974464703325158,99.15214182394034,15.257778024112886,20,46.24011351254273,100,158627.4623961383,80
DAL-PARK-111,111,76.6738770560578,Moderate Priority,2785.6311518445928,8.942269771421582,98.91292352019269,15.657765598055981,20,44.180791007274216,100,150478.36505071554,80
DAL-PARK-112,112,76.64745545365848,Moderate Priority,1381.3032928460336,9.666748379372237,98.82485151219494,7.935504184833421,60,48.549206614392,100,186503.56623071866,100
DAL-PARK-113,113,76.56260849673228,Moderate Priority,4092.5659986503115,11.993246383305456,98.54202832244093,3.4359273920122937,100,18.75840917769007,20,107494.51920955785,40
DAL-PARK-114,114,76.46603777107212,Moderate Priority,1516.2380792146348,42.06114388773524,94.8867925702404,3.055147362551632,100,36.03934485790587,80,124573.98468129772,60
DAL-PARK-115,115,76.39186418864715,Moderate Priority,1569.8312758337388,126.35478224975924,84.6395472954905,1.8925698997496687,100,34.02262214600975,80,112316.67526759562,40
DAL-PARK-116,116,76.3851683325869,Moderate Priority,9515.884157550623,16.85864406705305,97.95056110862299,19.536751273854396,20,38.51722355401607,80,119150.8384480696,60
DAL-PARK-117,117,76.2180200210969,Moderate Priority,4533.156922766743,21.441839824804063,97.39340007032303,3.28085573074827,100,18.99318359305571,20,108571.1643337709,40
DAL-PARK-118,118,75.92553265160782,Moderate Priority,1995.1868209123065,29.46182434686348,96.4184421720261,7.275736081064056,80,28.253406507133633,40,227788.3319059899,100
DAL-PARK-119,119,75.79404581041972,Moderate Priority,8729.813509120215,87.9070539824639,89.3134860347324,12.095822068942306,40,24.377212335765886,40,191607.334875309,100
DAL-PARK-120,120,75.77247002691394,Moderate Priority,903.1143423268131,33.65879149486418,95.90823342304647,9.203507110587102,60,50.20084146985676,100,182445.04273785243,100
DAL-PARK-121,121,75.4489992887224,Moderate Priority,5374.058542463809,124.78814154636683,84.82999762907468,12.513600156619919,40,32.50681620786865,60,150023.80334711287,80
DAL-PARK-122,122,75.4146912778547,Moderate Priority,3383.910896057826,43.4690613700699,94.71563759284899,21.41671438732441,20,43.145797657927645,100,141484.5586029823,80
DAL-PARK-123,123,75.31014407495428,Moderate Priority,2074.5780499020298,18.915804299454216,97.70048024984763,10.652551656001757,60,32.2535367981185,60,182808.9456401339,100
DAL-PARK-124,124,75.24085810306899,Moderate Priority,2573.528448837733,212.75516281797212,74.13619367689662,5.225126117303821,100,35.20048745609515,80,131408.62017812338,60
DAL-PARK-125,125,75.08138613639986,Moderate Priority,1593.5509373144998,25.188331997691428,96.9379537879995,8.487449764165378,60,32.84214928790173,60,222118.94057793403,100
DAL-PARK-126,126,74.9748523298615,Moderate Priority,2482.758316674286,82.94935105688613,89.91617443287168,12.222705488460164,40,46.72206516281513,100,180801.2048072977,100
DAL-PARK-127,127,74.90082873059087,Moderate Priority,3648.201075793644,57.559138773141505,93.0027624353029,10.181183774758779,60,30.77137312711492,60,140060.5298520101,60
DAL-PARK-128,128,74.8423705977224,Moderate Priority,9525.534523886728,4.322187890356158,99.47456865907466,16.593616787869305,20,37.006405658899965,80,107460.16299290732,40
DAL-PARK-129,129,74.71072495290046,Moderate Priority,9055.90753549254,7.93190285245087,99.03574984300154,11.019648076428894,40,27.32139653832292,40,131440.7835202112,60
DAL-PARK-130,130,74.66783742972794,Moderate Priority,3297.2305245454786,63.94774498871696,92.22612476575978,21.270470027255996,20,51.14823692206048,100,163176.0697718534,80
DAL-PARK-131,131,74.49835298239579,Moderate Priority,2023.3266901209481,68.59499743831155,91.66117660798595,7.215374377560668,80,35.110127762711016,80,117254.95869769993,40
DAL-PARK-132,132,74.26241245812996,Moderate Priority,293.35326104894466,75.06447116650665,90.87470819376652,4.6565888766884305,100,37.38742144677489,80,216892.7099869495,100
DAL-PARK-133,133,74.18746332321336,Moderate Priority,4085.4354614805047,49.6996370095788,93.95821107737788,8.064682324028132,60,37.57695975689804,80,70236.70875741301,20
DAL-PARK-134,134,74.10284779429952,Moderate Priority,1943.1179600771413,79.43972380193887,90.34282598099841,4.294233739358702,100,26.625936732956234,40,137805.40592494735,60
DAL-PARK-135,135,73.92137044220117,Moderate Priority,3310.134274675958,56.995886385665756,93.07123480733722,7.569877183520547,80,28.354215810093976,40,98053.73810819011,40
DAL-PARK-136,136,73.75557049461543,Moderate Priority,2847.618729552045,6.702241034692118,99.18523498205145,8.27793244120489,60,28.117382246531577,40,118404.98976025742,60
DAL-PARK-137,137,73.65961371408216,Moderate Priority,4297.646086961495,146.4330423214345,82.19871238027388,16.699513128648917,20,51.05054004692667,100,205168.58578892954,100
DAL-PARK-138,138,73.45766287389932,Moderate Priority,1441.6644617746138,69.71071754927749,91.52554291299776,5.22922238744766,80,35.055231078896135,80,141685.4528082087,80
DAL-PARK-139,139,73.40685040260476,Moderate Priority,8561.776567534753,71.10399218545028,91.35616800868254,7.1988968183572535,80,12.329076255823363,20,66597.49096301905,20
DAL-PARK-140,140,73.3815906677704,Moderate Priority,3822.6268799241047,16.95674340208956,97.93863555923465,12.756110004609395,40,36.98280367109844,80,110458.61443447603,40
DAL-PARK-141,141,73.18834872911665,Moderate Priority,8542.0157599765,131.93516282580111,83.96116243038885,8.619414963601134,60,32.14515881545389,60,80629.68754149196,20
DAL-PARK-142,142,72.86597975006286,Moderate Priority,1925.1864233990736,3.6748264788866623,99.55326583354288,6.4308640075775925,80,26.824079769911354,40,140326.250125207,60
DAL-PARK-143,143,72.80335739075636,Moderate Priority,3683.05792745426,32.81186200052003,96.01119130252121,15.212041182505972,20,39.56834248111792,80,159892.112069661,80
DAL-PARK-144,144,72.74972338943267,Moderate Priority,47783.779278046604,171.38217545223426,79.16574463144227,19.204913639989872,20,37.65310223953582,80,147535.78419419008,80
DAL-PARK-145,145,72.59254908370696,Moderate Priority,1050.2078538988785,11.172277448688908,98.64183027902317,6.931632599920793,80,31.204171198237773,60,152107.08762008662,80
DAL-PARK-146,146,72.59112603101997,Moderate Priority,1177.679192904243,38.63123198957167,95.30375343673325,2.5389016448492034,100,25.95174384688899,40,152577.25645206452,80
DAL-PARK-147,147,72.56720576570666,Moderate Priority,1295.9550952298882,11.867189569013888,98.55735255235554,3.6991896990845734,100,30.892692682721272,60,93219.35353809042,40
DAL-PARK-148,148,72.55490179599886,Moderate Priority,3837.564835138097,12.204563612853153,98.51633931999622,6.514143086969658,80,19.970165912569954,20,108346.41287600393,40
DAL-PARK-149,149,72.26112704545989,Moderate Priority,2544.7683777790176,20.25984803901521,97.53709015153294,9.768959894069477,60,25.295088829287778,40,195046.47217327732,100
DAL-PARK-150,150,72.23291611017962,Moderate Priority,2632.8914668128727,75.87325909616088,90.77638703393205,10.154801601991213,60,39.60389102705154,80,139526.82143434114,60
DAL-PARK-151,151,72.20374443518118,Moderate Priority,1393.9258196040375,21.83327545598187,97.34581478393727,11.504143543172276,40,47.965041266795474,100,175956.25185034724,100
DAL-PARK-152,152,72.16538204230636,Moderate Priority,3350.3199045595084,105.1449733451219,87.2179401410212,12.478372114684282,40,35.64863170550275,80,132659.13464086942,60
DAL-PARK-153,153,71.7989263563681,Moderate Priority,1042.731504011301,32.93336067334348,95.99642118789367,2.711378327181606,100,31.415531555884396,60,109140.80350067282,40
DAL-PARK-154,154,71.74730369354849,Moderate Priority,1760.9179449020667,144.0285888255856,82.4910123118283,8.27279678024142,60,36.15670747077085,80,150467.97991053425,80
DAL-PARK-155,155,71.65435159029309,Moderate Priority,898.7727573022687,64.31752582309423,92.1811719676436,4.993884959052282,100,38.167478748476654,80,74437.09974995202,20
DAL-PARK-156,156,71.4916302887301,Moderate Priority,2605.6743372765814,13.939464199737708,98.30543429576697,19.650376092212703,20,48.95654671497657,100,155517.81104195665,80
DAL-PARK-157,157,71.4459062122735,Moderate Priority,4963.090078389852,152.2928880294639,81.48635404091168,10.150088088711845,60,27.3934575442508,40,116362.60982324618,40
DAL-PARK-158,158,71.39641835024405,Moderate Priority,3919.2929589937703,16.550169319439775,97.98806116748017,11.975878164546932,40,27.952069355113856,40,156250.5406997383,80
DAL-PARK-159,159,71.35233209250985,Moderate Priority,764.8332082632631,45.17894614953065,94.5077736416995,2.4560784581578963,100,33.38293516306835,60,104792.56891804359,40
DAL-PARK-160,160,71.28216286019868,Moderate Priority,954.6916687860119,74.52291643485351,90.94054286732893,4.672032514611193,100,36.29045995898336,80,74147.72848202827,20
DAL-PARK-161,161,71.05003729310883,Moderate Priority,3292.7660241333588,80.88778428705096,90.16679097702945,14.551493798667153,20,34.13359890994215,80,141583.17956728287,80
DAL-PARK-162,162,71.0225868456472,Moderate Priority,1908.6831806563061,81.64047375925114,90.07528948549066,7.127678388351017,80,30.868831992195183,60,105129.57844422861,40
DAL-PARK-163,163,70.83197724608259,Moderate Priority,762.5072577205755,32.02710744123457,96.1065908202753,7.693758457512084,80,27.28702893269055,40,225218.11306839657,100
DAL-PARK-164,164,70.78123570546859,Moderate Priority,3400.265722669363,5.998502633415868,99.2707856848953,15.2548810830547,20,31.95713484344498,60,144504.34336732328,80
DAL-PARK-165,165,70.77101537375627,Moderate Priority,1571.0717880136103,33.69867798921029,95.90338457918757,15.295089873310003,20,47.98190221691359,100,158300.0336829764,80
DAL-PARK-166,166,70.70603265066367,Moderate Priority,559.9245195573208,8.060565472575991,99.02010883554556,2.85077526219498,100,34.59527664160193,80,109842.59603425776,40
DAL-PARK-167,167,70.70114577933818,Moderate Priority,1975.5290326162449,35.61449769374833,95.67048593112727,17.14183520437674,20,53.17012988479256,100,150631.73013880715,80
DAL-PARK-168,168,70.63992833238261,Moderate Priority,2170.4752947383568,37.2930760813255,95.4664277746087,2.0705249450614893,100,23.04662769919158,20,110719.40590032146,40
DAL-PARK-169,169,70.54639470095512,Moderate Priority,1585.3667108646177,39.85776213136197,95.15464900318374,17.224023996992734,20,55.67420850275874,100,147613.50197844108,80
DAL-PARK-170,170,70.4490165890274,Moderate Priority,2432.308134031562,42.527863585014195,94.83005529675798,8.396654261172937,60,33.98066952825761,60,126776.53428253783,60
DAL-PARK-171,171,70.38374594507708,Moderate Priority,5518.902013285534,44.31758036882207,94.61248648359026,7.821134312654595,60,17.737379649610027,20,83748.04089010897,20
DAL-PARK-172,172,70.24482721031794,Moderate Priority,2566.9243165592516,102.9665920395692,87.48275736772646,7.811936120212781,60,33.438531839641215,60,143789.27128972436,80
DAL-PARK-173,173,70.24105537182218,Moderate Priority,5534.619854845218,103.07001560417798,87.47018457274064,7.9733301054581345,60,21.359018655090033,20,97735.80679507801,40
DAL-PARK-174,174,70.1610011283313,Moderate Priority,2626.483756219488,50.42522866074837,93.87000376110436,18.139346886134344,20,52.378732291155906,100,145868.70164526705,80
DAL-PARK-175,175,70.08663267776197,Moderate Priority,1436.5787982939548,79.88434123578456,90.28877559253992,2.668141336027131,100,32.54590012471292,60,99425.61814966612,40
DAL-PARK-176,176,70.03690064767645,Moderate Priority,5761.058785952813,163.50779383286488,80.12300215892151,13.396675678010904,40,18.839194795756338,20,171464.82629381382,100
DAL-PARK-177,177,69.9434188313088,Moderate Priority,505.0773605117272,28.971386470482386,96.47806277102933,3.9493898855599054,100,34.52279206740208,80,117170.11116225373,40
DAL-PARK-178,178,69.91555484561644,Moderate Priority,380.1392230113138,57.155349663268055,93.05184948538815,4.228180120866386,100,33.693495145365446,60,142815.98203675039,80
DAL-PARK-179,179,69.90239208957284,Moderate Priority,7206.210473559527,112.35614063095821,86.34130696524281,8.937219205572147,60,23.07195171260707,20,109925.26228993645,40
DAL-PARK-180,180,69.81447288432321,Moderate Priority,2080.4047595988072,142.18681401215176,82.7149096144107,5.775473190039763,80,30.144659291204878,40,145078.53682128663,80
DAL-PARK-181,181,69.665865747657,Moderate Priority,1515.0400313593013,9.161939323266667,98.88621915885665,7.106289485885409,80,38.51926147909093,80,53752.90436285375,20
DAL-PARK-182,182,69.64818211933992,Moderate Priority,777.1788634368992,9.646823253962445,98.82727373113309,13.055628541441507,40,38.13596097344606,80,200968.84049786106,100
DAL-PARK-183,183,69.64561560399719,Moderate Priority,2272.1809058062545,119.39693505412534,85.48538534665728,5.653541367679451,80,22.516850076184582,20,194801.69861783253,100
DAL-PARK-184,184,69.58804415575806,Moderate Priority,995.8469631148245,38.71573680748131,95.29348051919351,13.219314259624007,40,42.60040861951689,100,147089.5197243639,80
DAL-PARK-185,185,69.58209501585117,Moderate Priority,2182.626162435843,93.7187308929826,88.60698338617054,11.277038520528315,40,33.992469415085836,80,146713.29482447635,80
DAL-PARK-186,186,69.32025938269638,Moderate Priority,2177.914489808661,73.47831228216987,91.0675312756546,9.773748500329189,60,32.03529303533708,60,135811.14878880553,60
DAL-PARK-187,187,69.23205130197732,Moderate Priority,2510.5736748723634,21.057103021700026,97.44017100659106,17.786947899289377,20,56.48690383258973,100,137339.886154128,60
DAL-PARK-188,188,68.89773903618097,Moderate Priority,2522.054716067632,57.643857991576816,92.99246345393655,7.103784406749492,80,27.014406517340227,40,113385.64023042649,40
DAL-PARK-189,189,68.82000436274961,Moderate Priority,2800.2168058791585,114.61520670647491,86.0666812091654,12.916723826875764,40,33.66880805055734,60,120496.1421532322,60
DAL-PARK-190,190,68.65984583247479,Moderate Priority,2498.258162812462,36.74693953280923,95.53281944158262,9.980744540767503,60,31.854808735306506,60,113606.67009442642,40
DAL-PARK-191,191,68.45496759532354,Moderate Priority,593.2061636799936,42.364687381989775,94.84989198441181,4.865403559196164,100,33.2959588714183,60,140543.20253211903,60
DAL-PARK-192,192,68.4347883854596,Moderate Priority,3337.860949228708,15.498065465939675,98.11596128486534,14.131692194238706,20,32.70333618353274,60,118070.4352000843,60
DAL-PARK-193,193,68.36237952249851,Moderate Priority,1749.7823089746478,72.3233808064271,91.20793174166174,12.669132014033844,40,37.47985788440458,80,130509.89247571549,60
DAL-PARK-194,194,68.35516618059248,Moderate Priority,1794.513667564814,45.10123563985467,94.51722060197493,15.902795285015797,20,41.483719803176974,100,136565.32955741376,60
DAL-PARK-195,195,68.24131528976255,Moderate Priority,1906.7168971754338,75.64295414189613,90.80438429920852,8.023738864644494,60,37.51268586448411,80,66662.56399539369,20
DAL-PARK-196,196,68.1138009746303,Moderate Priority,3425.1655200729433,79.13938831438071,90.37933658210099,13.899740817715116,40,21.831257170929934,20,187261.2312562181,100
DAL-PARK-197,197,68.06560660982481,Moderate Priority,487.64435905417514,80.46087464203183,90.21868869941603,2.0534274288291017,100,34.552516690758296,80,110155.3703177416,40
DAL-PARK-198,198,67.90748506662966,Moderate Priority,586.0328065833951,57.376622474752395,93.02495022209887,10.186319098207065,60,47.50905728042195,100,164196.23394117932,80
DAL-PARK-199,199,67.76427328020634,Moderate Priority,850.6788248523101,88.72341481168847,89.21424426735449,5.640933506710078,80,33.8639677654528,60,121603.42654555329,60
DAL-PARK-200,200,67.73774084324755,Moderate Priority,1393.9817328632507,7.191128907881073,99.12580281082516,13.321983750234212,40,34.11397628758423,80,143187.70550735647,80
DAL-PARK-201,201,67.72080002326672,Moderate Priority,3421.285144072156,117.33538320012586,85.73600007755573,13.547547871128716,40,34.09539135192879,80,85336.5817598173,20
DAL-PARK-202,202,67.65162185509007,Moderate Priority,846.1278970117146,9.552505924894916,98.83873951696691,7.717194363412418,60,30.521990557465724,40,220569.32345630595,100
DAL-PARK-203,203,67.52216789853897,Moderate Priority,4377.240838629195,95.36192852621716,88.40722632846322,11.08992270318655,40,33.12524865756655,60,96060.57523426293,40
DAL-PARK-204,204,67.48758603914975,Moderate Priority,2927.8840238079833,96.31016084657345,88.2919534638325,11.764629861538056,40,21.542492812954592,20,189485.5328571404,100
DAL-PARK-205,205,67.4489992887224,Moderate Priority,2655.126381578591,124.78814154636683,84.82999762907468,11.263164626166475,40,28.981455691352103,40,150241.08078052598,80
DAL-PARK-206,206,67.42259832614839,Moderate Priority,7487.176004998085,15.832316094162133,98.07532775382798,19.14578523136496,20,13.646028767245888,20,118496.65531825805,60
DAL-PARK-207,207,67.35894124893872,Moderate Priority,3647.1219542790504,236.93726521857548,71.19647082979574,5.369881771597401,80,27.87864704258024,40,92068.92500445653,40
DAL-PARK-208,208,67.000395226702,Moderate Priority,604.101658746499,82.2489664978291,90.00131742234001,8.691311354752356,60,51.420673982855114,100,165633.10892842483,80
DAL-PARK-209,209,66.7386952493516,Moderate Priority,4356.092401350074,226.52443538998685,72.46231749783863,3.3829481747547074,100,12.144609626803202,20,69061.47049740625,20
DAL-PARK-210,210,66.71389888091207,Moderate Priority,2334.289052368298,144.94454660104213,82.37966293637358,7.919321700433716,60,32.87550992489698,60,128112.04929542178,60
DAL-PARK-211,211,66.69228594526743,Moderate Priority,927.0045962859413,35.857433763909626,95.64095315089142,1.7367464048696035,100,26.774057308117737,40,31667.005286132407,20
DAL-PARK-212,212,66.58987147571658,Moderate Priority,819.8981862486855,120.92543540197661,85.29957158572194,7.614563070142425,80,33.246468928091495,60,139402.01566667104,60
DAL-PARK-213,213,66.38781203641683,Moderate Priority,2766.1713123211816,236.1456301161144,71.2927067880561,7.79077992323202,60,21.97061002770928,20,186841.76931207208,100
DAL-PARK-214,214,66.32678314021808,Moderate Priority,1972.7914850791076,73.29943127803939,91.08927713406027,10.051886695465777,60,27.23072144839289,40,127683.00372473073,60
DAL-PARK-215,215,66.30153711419541,Moderate Priority,1375.066895162775,46.57174112933366,94.33845704731804,9.975011322020958,60,35.62336616469226,80,112529.87841963329,40
DAL-PARK-216,216,66.26340136888498,Moderate Priority,1099.2253505145022,20.197486239600376,97.5446712296166,14.522031837721178,20,50.23304998670315,100,144953.21618185693,80
DAL-PARK-217,217,66.11017485539716,Moderate Priority,1089.4779251910002,51.81888173697482,93.70058285132387,10.907747457312771,40,37.98751699698861,80,146529.59686440142,80
DAL-PARK-218,218,65.9537209807294,Moderate Priority,1567.056710212133,110.94870579597996,86.512403269098,1.4472078350976254,100,24.111916821982703,20,74178.03120351097,20
DAL-PARK-219,219,65.93034857411563,Moderate Priority,1530.4711710327192,29.329772067001294,96.43449524705208,5.23384024511826,80,32.77843649667636,60,53891.11248830058,20
DAL-PARK-220,220,65.86099150723679,Moderate Priority,1718.8181115330992,86.0714073587166,89.53663835745596,5.4389529143973885,80,26.550241513053102,40,63549.764091200894,20
DAL-PARK-221,221,65.77895964754278,Moderate Priority,19197.873399663385,280.260257286468,65.92986549180925,17.2551478315582,20,32.07777779717479,60,149319.83465387474,80
DAL-PARK-222,222,65.7458736082191,Moderate Priority,2009.773423584365,116.64786714231498,85.81957869406365,3.855014806489469,100,15.080200671067603,20,85199.15648900604,20
DAL-PARK-223,223,65.46340921664948,Moderate Priority,3294.8048393131025,42.13321867791099,94.87803072216494,8.6773316743815,60,19.904171135738526,20,23919.13259042774,20
DAL-PARK-224,224,65.4557228139683,Moderate Priority,886.0145004824062,42.343979336195396,94.85240937989433,16.364689392301752,20,45.24785432528156,100,168030.61502251372,80
DAL-PARK-225,225,65.44315580238735,Moderate Priority,4639.265793381846,15.268631441600565,98.14385267462453,33.38568815334598,20,9.079349945999143,20,88799.98291233591,40
DAL-PARK-226,226,65.39723497624183,Moderate Priority,4699.063461904112,71.36764654679355,91.3241165874728,22.797986352616256,20,11.207628980180234,20,119676.61231134339,60
DAL-PARK-227,227,65.20024506044783,Moderate Priority,770.0127278345378,76.7690971408124,90.66748353482608,10.143295211922325,60,34.90737235904028,80,114182.00378677502,40
DAL-PARK-228,228,65.14121134590923,Moderate Priority,1806.0241098187998,23.54792866973807,97.13737115303078,7.412421843094644,80,23.741471099700355,20,53278.99608533091,20
DAL-PARK-229,229,65.1129268045162,Moderate Priority,758.489673528091,79.16335800167651,90.37642268172068,5.963669158712253,80,28.714731974048576,40,123464.58596726503,60
DAL-PARK-230,230,64.89036952727122,Moderate Priority,864.3877428510748,85.26586397276962,89.63456509090409,11.85685918427181,40,37.59679065227657,80,144146.1390376924,80
DAL-PARK-231,231,64.83092315531391,Moderate Priority,1434.543000279737,4.636076011725918,99.43641051771301,14.10738438395197,20,40.6704144877019,100,131662.0301019509,60
DAL-PARK-232,232,64.82265721526109,Moderate Priority,942.6960959057161,87.12253113492004,89.40885738420364,1.7650834103584299,100,26.736109112953564,40,30169.357120150955,20
DAL-PARK-233,233,64.619664993092,Moderate Priority,3400.711167153189,147.52843363551713,82.06554997697333,11.96389013313215,40,28.123881360270016,40,118557.85206291697,60
DAL-PARK-234,234,64.55631012161136,Moderate Priority,855.3086678579665,39.58588194613655,95.1877004053712,12.649571085211383,40,34.524577409498605,80,132743.7066454313,60
DAL-PARK-235,235,64.54410311991256,Moderate Priority,432.960165604384,94.76046619226557,88.4803437330419,1.7592046718530492,100,32.84941904479622,60,104701.91534962598,40
DAL-PARK-236,236,64.5403983665426,Moderate Priority,769.0780985245894,122.28198481649144,85.1346612218087,7.369177025207906,80,23.414533921367845,20,206986.95799152003,100
DAL-PARK-237,237,64.29070854004206,Moderate Priority,488.58365889173905,129.12846351178743,84.30236180014019,4.948677963817646,100,37.27395770661451,80,52116.00994755315,20
DAL-PARK-238,238,63.9261777857439,Moderate Priority,2315.3371370510586,166.54380745796013,79.75392595247969,9.147417684360198,60,21.967917334870204,20,180027.5027476921,100
DAL-PARK-239,239,63.81302353679071,Moderate Priority,649.270674049076,59.96675143848094,92.71007845596903,12.490149581315404,40,40.28395560339421,100,149987.33904583546,80
DAL-PARK-240,240,63.80639328496445,Moderate Priority,25475.787198894828,224.66815968571484,72.68797761654817,32.799377420915846,20,24.012486125484443,20,171777.46155911958,100
DAL-PARK-241,241,63.760618239537564,Moderate Priority,614.5554675737394,61.40370125815462,92.53539413179188,5.23714009946135,80,32.71136641139988,60,139694.8605376519,60
DAL-PARK-242,242,63.66939163723262,Moderate Priority,1277.693385441107,36.48519419131913,95.56463879077542,1.478331754862756,100,21.551637303270162,20,21982.019016954197,20
DAL-PARK-243,243,63.64677567260017,Moderate Priority,27265.21531275716,9.685387931485494,98.8225855753339,63.09876809567695,20,8.594451067023643,20,75074.62055430307,20
DAL-PARK-244,244,63.63306648522375,Moderate Priority,1249.1137393491501,37.481227481171814,95.44355495074585,1.54053011021613,100,17.608855751123514,20,20416.58007719762,20
DAL-PARK-245,245,63.30959226334771,Moderate Priority,1633.1046120819285,101.1907385257014,87.69864087782571,11.890567782619316,40,26.093481134207565,40,153454.28788019487,80
DAL-PARK-246,246,63.27446788305589,Moderate Priority,1300.1312071715427,129.573781263062,84.24822627685298,10.180888247215169,60,34.8907726734015,80,109171.10352074495,40
DAL-PARK-247,247,63.22788825228069,Moderate Priority,1614.5368771400094,48.59118810119826,94.09296084093563,16.158196374263913,20,34.1952251864055,80,94542.24871655741,40
DAL-PARK-248,248,63.08646500146777,Moderate Priority,1196.9173517145982,134.72880796754202,83.62155000489258,7.643970055896183,80,29.71259748756994,40,133598.83628261226,60
DAL-PARK-249,249,63.06145027096204,Moderate Priority,1574.9884997839793,217.67451382840147,73.53816756987347,6.995567691418475,80,29.993852914156914,40,107343.94700480562,40
DAL-PARK-250,250,62.85199364091625,Moderate Priority,4089.698054113926,223.41780091100023,72.83997880305418,6.521374376758746,80,18.370680949726076,20,52267.48057476099,20
DAL-PARK-251,251,62.81673112838777,Moderate Priority,1050.5160752494153,142.12489310775004,82.72243709462592,6.462026369734122,80,28.17992004092075,40,134461.85935434583,60
DAL-PARK-252,252,62.755206408588265,Moderate Priority,1719.2443177587552,88.97202783784252,89.18402136196087,7.138111388512139,80,15.264751137294047,20,38103.28339999336,20
DAL-PARK-253,253,62.64519184697792,Moderate Priority,2583.4169281900686,229.08829256134644,72.1506394899264,5.251306152721756,80,27.67547722372291,40,107046.02044448088,40
DAL-PARK-254,254,62.581290808386846,Moderate Priority,536.0847045885105,11.480978620879782,98.60430269462283,8.228843741144093,60,26.685366090342427,40,219293.59231524213,100
DAL-PARK-255,255,62.51548836791305,Moderate Priority,31016.121612903746,424.584295171156,48.38496122637684,6.491756274513532,80,20.185226093285614,20,92078.20923286077,40
DAL-PARK-256,256,62.33497179453474,Moderate Priority,4091.719661564544,127.91476797154118,84.44990598178245,16.080299204508865,20,30.702563036003948,60,101680.72659286579,40
DAL-PARK-257,257,62.30656777411648,Moderate Priority,335.30979679053974,183.53347341052896,77.68855924705494,6.308252926878753,80,34.78580966805059,80,128922.36212630433,60
DAL-PARK-258,258,62.19650175205359,Moderate Priority,1110.2984407229756,22.03186935315727,97.32167250684532,14.82653581709083,20,31.24428826986634,60,177289.90010499815,100
DAL-PARK-259,259,62.09744528855552,Moderate Priority,1305.3104951157025,79.58786015573386,90.32481762851842,1.408263338440691,100,19.963137532510224,20,20235.5837957465,20
DAL-PARK-260,260,62.014754708872715,Moderate Priority,385.3781024020707,54.43529590745838,93.38251569624238,6.456521926544082,80,31.762163037843273,60,117551.23791134362,40
DAL-PARK-261,261,61.85340309200356,Moderate Priority,1926.9043703476764,31.439612148845235,96.17801030667853,13.4840907715959,40,26.520511481910443,40,107559.99942241465,40
DAL-PARK-262,262,61.75891803240117,Moderate Priority,364.6229401206539,61.45032082652095,92.52972677467055,14.747429537692645,20,45.4528395683098,100,192482.0032848947,100
DAL-PARK-263,263,61.74930071256962,Moderate Priority,2330.060627640627,34.29409257727557,95.83100237523209,13.068516596808033,40,25.431750228560595,40,108601.57180345437,40
DAL-PARK-264,264,61.49835298239579,Moderate Priority,652.2250861763902,68.59499743831155,91.66117660798595,6.537592752395124,80,32.906034750847176,60,114898.96777698482,40
DAL-PARK-265,265,61.457858853476736,Moderate Priority,1753.2788177299594,14.86547474334766,98.19286284492246,7.811885190302949,60,17.816759229782264,20,79931.9236643362,20
DAL-PARK-266,266,61.22494616938806,Moderate Priority,914.3916602486524,21.25192529211987,97.41648723129354,19.1747493201838,20,35.360976795800276,80,136674.68189238716,60
DAL-PARK-267,267,61.06446784189097,Moderate Priority,580.3408954815919,53.07216505484782,93.54822613963657,12.076471778934819,40,34.64625557231057,80,141860.35195138998,80
DAL-PARK-268,268,61.00378139291179,Moderate Priority,102.06860189988345,82.15611804205125,90.0126046430393,8.11835735245623,60,32.32466755503222,60,152694.9347069045,80
DAL-PARK-269,269,60.927980280141306,Moderate Priority,1666.6300111353514,1.974776003349169,99.7599342671377,12.542370156433897,40,24.468865950474864,40,64091.906584801545,20
DAL-PARK-270,270,60.92658167021311,Moderate Priority,6364.564866776032,193.9526675016314,76.42193890071036,12.39059658911865,40,14.249783104116057,20,19900.075786382804,20
DAL-PARK-271,271,60.8439181363749,Moderate Priority,317.6070513730539,31.69968901119691,96.14639378791635,18.219954386270633,20,50.747769613016345,100,157352.00682648504,80
DAL-PARK-272,272,60.74945305534111,Moderate Priority,2151.361407685023,116.54971893657782,85.83151018447037,11.019648076428894,40,26.574867725538475,40,125102.48057851581,60
DAL-PARK-273,273,60.73502433402252,Moderate Priority,595.5131836634683,144.36528805985037,82.4500811134084,6.904230065293055,80,33.738648655306804,60,135866.58908805414,60
DAL-PARK-274,274,60.72837536302666,Moderate Priority,641.4200215061878,89.70773335049641,89.0945845434222,9.987189773525209,60,33.83274530138483,60,141983.5687966059,80
DAL-PARK-275,275,60.54412712108922,Moderate Priority,380.4295409963071,149.5996771403213,81.81375707029741,5.762549635310876,80,33.856018934355646,60,127278.0082285619,60
DAL-PARK-276,276,60.51238043938784,Moderate Priority,531.5836147388084,68.21036548597567,91.70793479795948,9.475236952265249,60,29.59646234902127,40,182653.02973107802,100
DAL-PARK-277,277,60.4403018999678,Moderate Priority,4034.9401747445436,15.34688525909791,98.13433966655934,32.90959471838847,20,9.021315072771733,20,89404.30853097321,40
DAL-PARK-278,278,60.23366176351848,Moderate Priority,962.6158995211156,103.27274785980168,87.44553921172826,10.19285906271852,60,24.650015042312052,40,118961.27413546604,60
DAL-PARK-279,279,60.21635879802894,Moderate Priority,873.499508817567,103.74719404068881,87.38786266009647,10.741353146809635,60,25.552802620083902,40,128675.30543858832,60
DAL-PARK-280,280,60.15636506870496,Moderate Priority,874.4520705634579,132.8121527002997,83.85455022901651,4.840773891842444,100,20.287037830759864,20,57921.00447257134,20
DAL-PARK-281,281,60.06080938616233,Moderate Priority,1288.3407690975425,53.1724796714055,93.53603128720779,12.210178844465872,40,26.513673142932916,40,141935.40027529807,80
DAL-PARK-282,282,60.02369557626649,Moderate Priority,2845.234361239118,26.77020337951092,96.74565192088832,15.446240358270868,20,23.15646299445581,20,98174.73184702148,40
DAL-PARK-283,283,59.942279964917574,Moderate Priority,495.5262730869259,29.002614112367553,96.47426654972524,7.130109295447254,80,28.95632285622621,40,89951.92617532428,40
DAL-PARK-284,284,59.85328748582176,Moderate Priority,1546.3266292192968,4.022847533407248,99.51095828607254,19.454211623934647,20,36.8997355233155,80,117817.37696770464,40
DAL-PARK-285,285,59.80374566130793,Moderate Priority,640.9512881705642,60.22115017679027,92.67915220435978,9.551395510832753,60,31.460499696189874,60,122888.4334564004,60
DAL-PARK-286,286,59.65752822459615,Moderate Priority,2052.1383505065055,64.23042271848018,92.19176074865385,15.236475503657566,20,33.93972011667044,60,92925.64715248576,40
DAL-PARK-287,287,59.53082819546476,Moderate Priority,438.2361259081779,67.70452922213296,91.76942731821586,15.21275048528248,20,47.72686539047645,100,152084.15369166658,80
DAL-PARK-288,288,59.46119855487096,Moderate Priority,1427.568474428051,234.13337658476323,71.53732851623654,10.357080746373367,60,25.841732968415858,40,178573.46195467957,100
DAL-PARK-289,289,59.45151260945498,Moderate Priority,946.0277627173189,124.71922645642822,84.83837536484992,10.304028902196215,60,25.511994244072987,40,123227.53395186654,60
DAL-PARK-290,290,59.38515392195903,Moderate Priority,429.94680394555724,16.85903920552583,97.95051307319677,8.282793447429547,60,33.950735421474306,60,110692.85369919764,40
DAL-PARK-291,291,59.29033148309615,Moderate Priority,742.446242288915,101.71886785918369,87.6344382769872,13.662792772515466,40,32.41452234455199,60,124397.7505037614,60
DAL-PARK-292,292,59.16596918598147,Moderate Priority,1796.5042703177107,50.289004845242886,93.88656395327156,14.038462981887923,40,28.462665519068185,40,77809.37139684254,20
DAL-PARK-293,293,58.92844216103941,Moderate Priority,339.2811701325001,139.0617839062333,83.09480720346473,6.225028337668323,80,23.15624474995663,20,201185.02164452578,100
DAL-PARK-294,294,58.558548592980195,Moderate Priority,613.2915710511592,66.9444377371313,91.86182864326732,5.237399204670277,80,30.5959148743255,40,94322.5880026286,40
DAL-PARK-295,295,58.46096584646227,Moderate Priority,2074.664220551492,234.1397574340939,71.53655282154092,9.679919250067393,60,27.383888027038942,40,105232.70320833777,40
DAL-PARK-296,296,58.43180812689822,Moderate Priority,1086.53982036787,42.9997184899473,94.7726937563274,12.248731133130226,40,25.01727736039539,40,130980.16522940497,60
DAL-PARK-297,297,58.42003461276613,Moderate Priority,662.1411651660026,15.902612947255717,98.06678204255378,13.384378949862647,40,34.857585977151494,80,96401.39238586005,40
DAL-PARK-298,298,58.347858850179875,Moderate Priority,714.620521636384,209.82120933759748,74.4928628339329,7.093419745750793,80,33.86608239567793,60,136349.10629154573,60
DAL-PARK-299,299,58.31215637976706,Moderate Priority,1230.7325148530447,73.7004960919831,91.04052126589019,5.269492135722762,80,20.85018687860932,20,60944.05378820379,20
DAL-PARK-300,300,58.30279592517845,Moderate Priority,253.0415686765619,238.4767663202126,71.00931975059484,4.979044660192664,100,30.244293729704186,40,125827.96365007799,60
DAL-PARK-301,301,58.25857859788135,Moderate Priority,660.3104073300167,75.16959536351835,90.8619286596045,5.6418038618330275,80,28.57865154054906,40,89787.14204108118,40
DAL-PARK-302,302,58.132266640298624,Moderate Priority,577.6693978650019,78.63306097071373,90.44088880099542,7.58282918563849,80,25.779828793916693,40,92266.6468254133,40
DAL-PARK-303,303,58.00433526258842,Moderate Priority,810.2969793404342,109.56086550115438,86.6811175419614,10.795118501562534,40,26.436871153944423,40,145813.82362857278,80
DAL-PARK-304,304,57.97161221018844,Moderate Priority,2855.54996886427,466.9172783374264,43.23870736729481,6.818845077505429,80,21.438332062484353,20,121013.25991269556,60
DAL-PARK-305,305,57.93743564298728,Moderate Priority,474.15905739369487,56.55537963190921,93.12478547662428,8.926755279658824,60,31.619305208972687,60,97085.29765600876,40
DAL-PARK-306,306,57.674818209384796,Moderate Priority,606.1262830692026,91.17626699693574,88.91606069794933,7.157262659042917,80,25.488563994073406,40,90060.27545040046,40
DAL-PARK-307,307,57.527991421655,Moderate Priority,454.8846931863318,67.78231337427114,91.75997140551667,1.4893569196520922,100,23.505126223094525,20,25171.445059156376,20
DAL-PARK-308,308,57.48583710088097,Moderate Priority,995.5139656757942,41.518247560651076,94.95279033626991,13.145193505648493,40,30.815295078904537,60,86044.32621439152,20
DAL-PARK-309,309,57.42980294329176,Moderate Priority,449.2721242894026,15.63476596378168,98.09934314430588,13.286958357507158,40,32.16968007520152,60,136239.98520412552,60
DAL-PARK-310,310,57.3695492975088,Moderate Priority,522.2387964108282,44.7068515156808,94.56516432502933,12.273508080087838,40,34.13584028635456,80,104559.0371822286,40
DAL-PARK-311,311,57.31065941954032,Moderate Priority,1328.9478327418058,101.16147717276739,87.70219806513441,6.656175202833596,80,15.641003363016015,20,46139.257292946604,20
DAL-PARK-312,312,57.258704200685926,Moderate Priority,3391.1588172677875,486.4651692834519,40.862347335619745,1.8918590809077576,100,16.363745612400265,20,38570.412794916076,20
DAL-PARK-313,313,57.25189251141241,Moderate Priority,1877.6703538583672,47.93299288738047,94.17297503804136,14.083817417053929,20,27.70177455360236,40,107609.23343890396,40
DAL-PARK-314,314,57.239409712129756,Moderate Priority,80.3408240576308,130.53507401457617,84.1313657070992,9.96411159050325,60,31.840185202720317,60,125656.76556669238,60
DAL-PARK-315,315,56.91706301044712,Moderate Priority,414.22145673297393,84.53393041172572,89.72354336815707,8.030694552839709,60,32.72060379964881,60,103731.32215406888,40
DAL-PARK-316,316,56.704086963739364,Moderate Priority,246.4348510953627,172.63352325689965,79.01362321246455,3.6494614065421453,100,25.979742551247163,40,84123.2449809516,20
DAL-PARK-317,317,56.54575128779229,Moderate Priority,456.4258165882111,94.71527353691009,88.48583762597431,17.88433790436313,20,53.45257064049554,100,136087.1082114051,60
DAL-PARK-318,318,56.52471795993687,Moderate Priority,434.80527744602244,40.45213695089244,95.08239319978958,13.849902988171225,40,31.517488757727147,60,130145.10330829525,60
DAL-PARK-319,319,56.515842467152495,Moderate Priority,2399.5995619240666,13.275567852581721,98.386141557175,15.119521277559492,20,29.988259844142405,40,83377.11680075424,20
DAL-PARK-320,320,56.42485553857129,Moderate Priority,1034.1852508174181,15.770423477307176,98.08285179523764,14.247652372415818,20,30.7605813795585,60,115677.14654034183,40
DAL-PARK-321,321,56.36809062574824,Moderate Priority,663.4373140398939,72.16678272922925,91.22696875249414,10.759763278376862,60,28.16743580370883,40,124015.3066621932,60
DAL-PARK-322,322,56.202810503413616,Moderate Priority,642.6161067764093,49.27881833327726,94.00936834471207,13.452098628172154,40,32.22088700545333,60,132645.93005448533,60
DAL-PARK-323,323,56.145885731624745,Moderate Priority,924.7143228123052,242.7792335544468,70.48628577208247,4.499106808737246,100,20.168680970369138,20,65175.617500359665,20
DAL-PARK-324,324,56.03560120963383,Moderate Priority,361.66302524808367,108.70355528017011,86.78533736544611,4.088997967953964,100,14.622577843899295,20,53909.26370659094,20
DAL-PARK-325,325,55.93568953182509,Moderate Priority,1527.242605543484,84.02319241503186,89.78563177275029,14.360585080852402,20,32.88314842440086,60,124579.8434338898,60
DAL-PARK-326,326,55.89227198548436,Moderate Priority,1172.8633684921922,30.373829634372264,96.30757328494788,17.3561772455766,20,32.182510651772276,60,98787.2070512833,40
DAL-PARK-327,327,55.865710693234384,Moderate Priority,105.74573411179303,58.52207305825643,92.88570231078128,13.837907737758062,40,30.844513717591067,60,123306.14653183236,60
DAL-PARK-328,328,55.79162879455627,Moderate Priority,610.65509144326,33.133459340448105,95.97209598185422,9.559065196382262,60,26.603459762766413,40,98087.25440993877,40
DAL-PARK-329,329,55.678020210793505,Moderate Priority,412.5864433647026,63.668533798572035,92.26006736931167,13.888988094539249,40,31.45329684801749,60,122999.30582257945,60
DAL-PARK-330,330,55.51267115752648,Moderate Priority,445.43832502940063,68.20239401364769,91.70890385842162,13.77254262643329,40,30.931277729719376,60,134252.1024427851,60
DAL-PARK-331,331,55.455019338227366,Moderate Priority,497.8652698603201,179.46294124182523,78.18339779409122,7.793059533640906,60,32.70372308115617,60,124436.15043084345,60
DAL-PARK-332,332,55.440387730112434,Moderate Priority,1608.1555500086424,70.18440086089957,91.4679591003748,13.471175938769797,40,9.345041921604935,20,42637.11373486169,20
DAL-PARK-333,333,55.3968965452887,Moderate Priority,363.95678751635114,71.37692630137133,91.32298848429568,13.91225549410727,40,31.126810440052292,60,121613.39247814806,60
DAL-PARK-334,334,55.38926657724477,Moderate Priority,318.48274292829564,126.42600858434562,84.63088859081589,13.62747131503323,40,31.479793791758127,60,148055.50770884982,80
DAL-PARK-335,335,54.99847214008033,Moderate Priority,531.4255941902584,82.30169740708973,89.9949071336011,13.985234018744237,40,30.874511179268893,60,128329.48043009767,60
DAL-PARK-336,336,54.93055928706589,Moderate Priority,233.45235644001338,139.00373244919703,83.10186429021962,1.4209522183397412,100,20.865872312234018,20,25312.63779768014,20
DAL-PARK-337,337,54.832070087534305,Moderate Priority,191.48579688180095,59.44449626408104,92.7735669584477,13.053948479287744,40,26.38823891968409,40,156942.0654284539,80
DAL-PARK-338,338,54.664534194174806,Moderate Priority,596.9163792847879,146.29812307944096,82.2151139805827,3.995408895575483,100,14.679337965611778,20,46871.288746403625,20
DAL-PARK-339,339,54.39497938486217,Moderate Priority,463.8439781002255,153.68929830287135,81.31659794954058,2.282888415399018,100,24.009592590057885,20,77112.65187963216,20
DAL-PARK-340,340,54.37644394734292,Moderate Priority,161.1070447849569,181.61747331549654,77.92147982447642,5.416008153046074,80,28.358861757973685,40,94269.93742543283,40
DAL-PARK-341,341,54.25369378973926,Moderate Priority,1303.1708872382278,75.30353648296303,90.84564596579753,10.561389546039887,60,14.63565022864868,20,20371.33592529274,20
DAL-PARK-342,342,54.14458426949483,Moderate Priority,1910.826397730556,105.71524691397099,87.14861423164942,11.878960909866793,40,23.076743648067907,20,63313.71415236852,20
DAL-PARK-343,343,54.11650710645811,Moderate Priority,270.04801030717033,24.225317298085862,97.0550236881937,12.17181452368936,40,24.52830099934897,40,140110.95694069372,60
DAL-PARK-344,344,52.974314055009344,Moderate Priority,2626.5909485757584,302.323586753084,63.24771351669783,7.967261472282989,60,16.168138550335225,20,91780.98142670505,40
DAL-PARK-345,345,52.94832512874796,Moderate Priority,432.1328840195631,138.51659423341533,83.1610837624932,11.645602562199224,40,31.95755873124437,60,129329.39818640683,60
DAL-PARK-346,346,52.9294432464461,Moderate Priority,1144.3240090813267,221.2941377980459,73.09814415482035,5.31865770162775,80,20.856731628549635,20,65670.62833572703,20
DAL-PARK-347,347,52.78917491577164,Moderate Priority,464.8194319995626,5.780810006691353,99.2972497192388,11.191646678974426,40,26.53747060608626,40,93372.2529396605,40
DAL-PARK-348,348,52.675062249570736,Moderate Priority,512.5267775703275,8.9097718428924,98.9168741652358,10.809757991820376,40,26.00834749085994,40,93324.54559408972,40
DAL-PARK-349,349,51.68805511366969,Moderate Priority,1009.2645412765138,118.2332464774466,85.62685037889896,14.023034285252514,40,28.733592186792645,40,73431.62771763215,20
DAL-PARK-350,350,51.64732984291946,Moderate Priority,493.5798439929978,229.02966885260514,72.15776614306489,4.152610166501067,100,10.832854741931015,20,68390.82613199658,20
DAL-PARK-351,351,51.495916468715365,Moderate Priority,2950.3206415537147,288.0212827189014,64.98638822905123,15.144354619992505,20,25.660058386951917,40,83631.89150000215,20
DAL-PARK-352,352,51.34350479890165,Moderate Priority,3109.5359798345567,292.20040072670616,64.47834932967217,18.673652819871496,20,28.237271419173275,40,57797.51463777087,20
DAL-PARK-353,353,51.12119199300241,Moderate Priority,969.1597315328667,270.87626878013043,67.07063997667473,7.517601361637902,80,13.404211607602825,20,52814.49044850432,20
DAL-PARK-354,354,50.95940726949084,Moderate Priority,202.5796616892908,83.37285360105203,89.8646908983028,12.295835316756516,40,31.745194643586274,60,80064.97064940221,20
DAL-PARK-355,355,50.91007762792968,Moderate Priority,3334.185926997408,304.0849453780095,63.033592093098925,18.353226493018006,20,25.08428717148316,40,52393.92935755222,20
DAL-PARK-356,356,50.81577227948441,Moderate Priority,676.9656042591782,32.4714465644073,96.05257426494805,8.556522250043171,60,16.582358508498963,20,54911.37252035024,20
DAL-PARK-357,357,50.69214688625172,Moderate Priority,577.2295184808567,255.22072298800882,68.9738229541724,3.550983002320275,100,9.247961964833069,20,68307.17645750873,20
DAL-PARK-358,358,50.141081822172495,Moderate Priority,613.6479743508131,50.971414731493496,93.80360607390833,8.314735626466101,60,15.690514485780987,20,50946.27681290214,20
DAL-PARK-359,359,49.08309668951635,Low Priority,851.9578531305708,162.2411013900987,80.2769889650545,13.14735439462332,40,22.28054516394171,20,89381.66609752478,40
DAL-PARK-360,360,48.917254280341965,Low Priority,57.88200579616654,29.68881674498329,96.39084760113988,14.79072576141548,20,24.138459983215586,20,164221.48570254384,80
DAL-PARK-361,361,48.304364672498394,Low Priority,596.8925029338714,101.33407872453598,87.68121557499465,7.995591696264218,60,21.78703950677347,20,76995.74398048197,20
DAL-PARK-362,362,48.28343863227272,Low Priority,4071.8899847975463,293.847411083102,64.27812877424239,15.67395317654946,20,20.2017468230064,20,20809.790368098962,20
DAL-PARK-363,363,48.05335691423477,Low Priority,2083.5523496526703,163.05656408123772,80.17785638078257,16.34832357426105,20,20.762336834750155,20,69223.3026403994,20
DAL-PARK-364,364,46.97888891551703,Low Priority,774.8644332437382,55.418733613115165,93.26296305172346,14.60006207114114,20,22.46062286282401,20,87652.63442597899,20
DAL-PARK-365,365,46.01945745374309,Low Priority,601.8978116459131,109.14621600975265,86.7315248458103,14.099820365880337,20,20.06610787084305,20,164027.29802609887,80
DAL-PARK-366,366,45.24563677740535,Low Priority,3560.7044842957566,459.4035426448986,44.15212259135119,24.677265214125768,20,25.70087645663857,40,47531.40772339648,20
DAL-PARK-367,367,45.0,Low Priority,2767.171098697327,822.5980358812234,0.0,1.5733786533014877,100,10.216212729695288,20,3656.666242397166,20
DAL-PARK-368,368,44.73081398053394,Low Priority,634.5143831302498,144.48073567685282,82.43604660177981,13.542647209842784,40,21.03343091032639,20,88957.68954601893,40
DAL-PARK-369,369,44.42749707813155,Low Priority,1021.8856837154021,125.37773075300461,84.75832359377185,14.805491141953706,20,19.081910411001125,20,63483.206416873254,20
DAL-PARK-370,370,42.63018047308343,Low Priority,1303.050864467246,174.66003439198104,78.76726824361144,15.824980941959282,20,16.998101583697053,20,64854.27942744307,20
DAL-PARK-371,371,41.23938226417613,Low Priority,1130.7036381817609,212.7956302237899,74.13127421392045,15.501250903442761,20,17.663701392101785,20,25579.694875955327,20
DAL-PARK-372,372,40.84317648598917,Low Priority,760.8440150331642,662.3785191918221,19.47725495329723,1.5016171095342126,100,7.899133202546958,20,2767.171098697327,20
DAL-PARK-373,373,40.55157104672934,Low Priority,407.72500219978576,204.23543424537596,75.17190348909782,12.39059658911865,40,14.466517812954367,20,25146.636821763463,20
DAL-PARK-374,374,40.11843062812659,Low Priority,747.9471246488282,243.5320506948632,70.39476876042198,14.78722654006053,20,21.99324523023833,20,76687.79617768849,20
DAL-PARK-375,375,39.7771673375168,Low Priority,1470.0748087807735,335.1492713687848,59.25722445838933,16.482745913355462,20,25.247084906101485,40,56306.91448712038,20
DAL-PARK-376,376,38.16950439136721,Low Priority,423.091206023217,159.87180786251415,80.56501463789073,15.530373093549848,20,17.309263745640678,20,65956.09604339267,20
DAL-PARK-377,377,36.77533236209885,Low Priority,1218.2759626386028,335.199586274608,59.25110787366284,47.81004019677687,20,6.460417209613942,20,72115.86923893505,20
DAL-PARK-378,378,36.55760333386398,Low Priority,1558.0050756503206,587.9491127383193,28.525344446213282,13.805678308554848,40,11.891737700139677,20,18509.87258848013,20
DAL-PARK-379,379,30.629362951116754,Low Priority,1337.8171517136814,503.721665143273,38.76454317038919,15.110755475431246,20,10.557147195448158,20,16324.800538754575,20
